target_player_name,position,avg_score,median_score,count,I_count,C_count,I_pct,C_pct
A.J. Brown,WR,20.36942982343754,17.51570262815477,76,18,57,0.23684210526315788,0.75
A.T. Perry,WR,32.68517454363563,26.80560785985959,11,3,8,0.2727272727272727,0.7272727272727273
AJ Dillon,RB,25.195554076256226,26.58909020549072,20,4,16,0.2,0.8
Aaron Jones,RB,39.73283299304527,24.042668777375184,18,6,12,0.3333333333333333,0.6666666666666666
Adam Prentice,FB,25.574672882421527,25.574672882421527,2,0,2,0.0,1.0
Adam Thielen,WR,19.63363149059307,15.925971008644686,77,16,61,0.2077922077922078,0.7922077922077922
Adam Trautman,TE,19.36115260328527,16.81612164499706,15,4,11,0.26666666666666666,0.7333333333333333
Albert Okwuegbunam,TE,22.23388413962292,22.23388413962292,1,1,0,1.0,0.0
Alec Ingold,FB,22.25378309703365,17.025291031170866,13,2,11,0.15384615384615385,0.8461538461538461
Alec Pierce,WR,19.717609767972274,15.552601115020344,31,12,18,0.3870967741935484,0.5806451612903226
Alex Armah,RB,19.486731097201332,19.486731097201332,1,0,1,0.0,1.0
Alex Erickson,WR,32.30575833185996,24.634585292453377,15,5,10,0.3333333333333333,0.6666666666666666
Alexander Mattison,RB,23.081562770681955,18.77222314048779,28,9,19,0.32142857142857145,0.6785714285714286
Allen Lazard,WR,22.112221889373245,16.02710288425852,28,13,14,0.4642857142857143,0.5
Allen Robinson,WR,22.663115201781245,14.778822681008123,32,5,26,0.15625,0.8125
Alvin Kamara,RB,18.904245340246668,16.02835808960601,56,6,50,0.10714285714285714,0.8928571428571429
Amari Cooper,WR,18.96031891256788,15.034236576313177,88,29,54,0.32954545454545453,0.6136363636363636
Amari Rodgers,WR,24.810309455887264,24.810309455887264,2,2,0,1.0,0.0
Ameer Abdullah,RB,18.535691302732097,17.199713946418882,14,0,14,0.0,1.0
Amon-Ra St. Brown,WR,22.299214289317288,18.51218526645194,101,22,76,0.21782178217821782,0.7524752475247525
Andrei Iosivas,WR,22.101035686651958,22.345230870651292,15,6,8,0.4,0.5333333333333333
Andrew Beck,FB,18.39891235098403,17.123705329814232,6,0,6,0.0,1.0
Andrew Ogletree,TE,27.317536952334578,20.68620811052697,11,5,6,0.45454545454545453,0.5454545454545454
Anthony McFarland,RB,21.12349174031447,21.12349174031447,1,0,1,0.0,1.0
Antoine Green,WR,25.028323317758346,25.028323317758346,1,0,1,0.0,1.0
Antonio Gibson,RB,24.359449683467645,23.516646487713885,36,3,32,0.08333333333333333,0.8888888888888888
Austin Ekeler,RB,21.68712518648529,19.732711809336337,38,12,26,0.3157894736842105,0.6842105263157895
Austin Hooper,TE,22.275369067225668,17.217322672939964,21,4,17,0.19047619047619047,0.8095238095238095
Austin Trammell,WR,22.88292653356873,22.397780307307237,4,1,3,0.25,0.75
Bam Knight,RB,29.74289124672663,29.74289124672663,1,0,1,0.0,1.0
Ben Sims,TE,27.374234418770865,27.374234418770865,2,0,2,0.0,1.0
Ben Skowronek,WR,20.93579361682041,17.68619724558284,6,2,4,0.3333333333333333,0.6666666666666666
Bijan Robinson,RB,26.78507713379929,23.957242518883742,48,15,32,0.3125,0.6666666666666666
Blake Bell,TE,13.134390881251072,12.821234903723031,8,3,4,0.375,0.5
Bo Melton,CB,24.57556920976763,21.362739932791406,15,4,11,0.26666666666666666,0.7333333333333333
Boston Scott,RB,59.837441087662896,25.688131703767286,5,2,3,0.4,0.6
Brandin Cooks,WR,22.370828394125752,20.260585990093972,46,12,31,0.2608695652173913,0.6739130434782609
Brandon Aiyuk,WR,27.14024504883731,21.769124598616376,67,12,53,0.1791044776119403,0.7910447761194029
Brandon Johnson,WR,29.6082887633929,26.444658175457253,15,4,11,0.26666666666666666,0.7333333333333333
Brandon Powell,WR,18.17315809910594,15.368876402227569,28,8,20,0.2857142857142857,0.7142857142857143
Braxton Berrios,WR,29.413095941723466,24.46258170405694,19,2,16,0.10526315789473684,0.8421052631578947
Breece Hall,RB,22.983688346280097,16.619561682937828,43,7,36,0.16279069767441862,0.8372093023255814
Brenton Strange,TE,10.168698573284923,11.325927766530258,6,4,2,0.6666666666666666,0.3333333333333333
Brevin Jordan,TE,32.10641048979253,27.17034425479732,14,1,13,0.07142857142857142,0.9285714285714286
Brian Robinson,RB,22.7298926565495,22.11197545689467,22,3,19,0.13636363636363635,0.8636363636363636
Brock Wright,TE,19.30166738541108,17.722281878793645,9,1,8,0.1111111111111111,0.8888888888888888
Brycen Hopkins,TE,22.22534593400592,27.856825036643876,5,2,3,0.4,0.6
Byron Pringle,WR,37.00906414203227,18.53686248198955,10,2,7,0.2,0.7
C.J. Ham,FB,22.444225383796542,20.04800320190553,7,1,6,0.14285714285714285,0.8571428571428571
C.J. Uzomah,TE,34.95618764737331,29.160254617216566,8,3,5,0.375,0.625
Cade Otton,TE,16.49385853225571,16.066330145538448,52,13,38,0.25,0.7307692307692307
Calvin Austin III,WR,22.3647011846408,14.118189936119448,10,3,6,0.3,0.6
Calvin Ridley,WR,24.586120863870644,19.481982371757297,74,26,46,0.35135135135135137,0.6216216216216216
Cam Akers,RB,18.009538526962302,19.649213407153486,7,0,7,0.0,1.0
Cedric Tillman,WR,15.662288457720479,11.425656869645989,21,7,12,0.3333333333333333,0.5714285714285714
Cedrick Wilson Jr.,WR,26.60756398413739,22.416541345393547,26,11,14,0.4230769230769231,0.5384615384615384
CeeDee Lamb,WR,20.94576748174565,17.17176592805184,100,22,77,0.22,0.77
Charlie Jones,WR,28.86051182828728,21.457601517603656,5,1,4,0.2,0.8
Charlie Kolar,TE,17.954668296935672,17.975545004326104,9,2,7,0.2222222222222222,0.7777777777777778
Charlie Woerner,TE,16.846516234269227,18.576739211645123,3,0,3,0.0,1.0
Chase Brown,RB,25.03623242117561,25.024239876962483,4,0,4,0.0,1.0
Chase Claypool,WR,23.083076078706878,24.474709612523313,12,5,5,0.4166666666666667,0.4166666666666667
Chase Edmonds,RB,16.400953176186164,16.362851321454055,8,2,6,0.25,0.75
Chig Okonkwo,TE,24.29155205986817,17.748122854478062,53,13,39,0.24528301886792453,0.7358490566037735
Chris Conley,WR,44.42343632181158,52.09323043897667,4,1,3,0.25,0.75
Chris Evans,RB,19.145081626212896,19.145081626212896,1,0,1,0.0,1.0
Chris Godwin Jr.,WR,21.04419684516953,17.093733731248697,80,19,60,0.2375,0.75
Chris Manhertz,TE,21.958896184545495,10.228117564480916,3,1,2,0.3333333333333333,0.6666666666666666
Chris Moore,WR,25.03850457781607,21.169517755835205,24,8,15,0.3333333333333333,0.625
Chris Olave,WR,22.633531191343778,20.482950557532416,82,26,54,0.3170731707317073,0.6585365853658537
Chris Rodriguez Jr.,RB,22.887479179052782,22.887479179052782,1,0,1,0.0,1.0
Christian Kirk,WR,20.64211126703126,16.616839583941832,46,10,35,0.21739130434782608,0.7608695652173914
Christian McCaffrey,RB,20.332448208757956,14.394518253464724,38,4,33,0.10526315789473684,0.868421052631579
Christian Watson,WR,26.82790662357909,17.914820701431843,28,9,15,0.32142857142857145,0.5357142857142857
Chuba Hubbard,RB,30.24660208451199,24.063358819443284,36,1,34,0.027777777777777776,0.9444444444444444
Clyde Edwards-Helaire,RB,24.173972389780754,21.94241855445999,10,2,8,0.2,0.8
Cody Thompson,WR,36.90368770940436,36.90368770940436,1,0,1,0.0,1.0
Colby Parkinson,TE,26.63471675334621,19.463041187838876,24,4,20,0.16666666666666666,0.8333333333333334
Cole Fotheringham,TE,24.82743844355592,24.82743844355592,1,0,1,0.0,1.0
Cole Kmet,TE,23.767405970927935,18.10155684596125,58,7,50,0.1206896551724138,0.8620689655172413
Cole Turner,TE,21.97750035109176,15.82652636327272,9,1,8,0.1111111111111111,0.8888888888888888
Colton Dowell,WR,28.426823455774183,28.426823455774183,2,0,1,0.0,0.5
Connor Heyward,TE,16.601887653946687,16.040946948546328,26,6,19,0.23076923076923078,0.7307692307692307
Cooper Kupp,WR,30.62354499009104,28.044493130135432,43,7,34,0.16279069767441862,0.7906976744186046
Cordarrelle Patterson,RB,13.111078502105268,12.98150471316896,4,1,3,0.25,0.75
Courtland Sutton,WR,20.937468966831666,16.55062000584474,59,17,40,0.288135593220339,0.6779661016949152
Craig Reynolds,RB,39.97140107798035,39.97140107798035,1,0,1,0.0,1.0
Curtis Samuel,WR,22.61724099165673,18.62846990906601,37,6,29,0.16216216216216217,0.7837837837837838
D'Andre Swift,RB,23.08332541962945,21.144658364980202,27,3,23,0.1111111111111111,0.8518518518518519
D'Ernest Johnson,RB,26.380444342451735,18.34882371740298,6,1,5,0.16666666666666666,0.8333333333333334
D'Onta Foreman,RB,36.04059418550442,34.238504382732465,10,2,8,0.2,0.8
D.J. Chark,WR,27.713881523524435,21.981502631802357,35,15,20,0.42857142857142855,0.5714285714285714
D.J. Montgomery,WR,14.881200523655727,10.490555846920355,5,3,2,0.6,0.4
DJ Moore,WR,21.19968670537089,16.10901650050494,67,16,49,0.23880597014925373,0.7313432835820896
DK Metcalf,WR,22.502804900229194,17.190680658057797,52,10,39,0.19230769230769232,0.75
Dallas Goedert,TE,20.977374345582557,16.53573534741805,41,11,28,0.2682926829268293,0.6829268292682927
Dalton Kincaid,TE,22.04348675743691,16.785449203158038,55,3,51,0.05454545454545454,0.9272727272727272
Dalton Schultz,TE,21.612152590108295,19.61919486380671,61,13,47,0.21311475409836064,0.7704918032786885
Dalvin Cook,RB,18.646968389909063,14.462609917777726,10,4,6,0.4,0.6
Dameon Pierce,RB,16.464827254462804,14.949182918815852,8,1,7,0.125,0.875
Damien Harris,RB,61.81183885285111,61.81183885285111,2,0,2,0.0,1.0
Damien Williams,RB,35.88927316068121,35.88927316068121,2,0,2,0.0,1.0
Damiere Byrd,WR,16.570302592198814,16.570302592198814,2,1,0,0.5,0.0
Dan Skipper,T,35.71693024633484,35.71693024633484,1,0,1,0.0,1.0
Daniel Bellinger,TE,28.79322610802156,20.046529662180827,24,2,22,0.08333333333333333,0.9166666666666666
Dare Ogunbowale,RB,14.799521342246944,12.252981354107954,5,4,0,0.8,0.0
Darius Slayton,WR,24.16377238986724,17.958077434809976,41,11,28,0.2682926829268293,0.6829268292682927
Darnell Mooney,WR,27.306590601607873,24.715756640236975,29,7,19,0.2413793103448276,0.6551724137931034
Darnell Washington,TE,23.163481894849067,13.154324337818558,7,1,6,0.14285714285714285,0.8571428571428571
Darrell Henderson,RB,45.287889504235125,39.642861313831645,6,2,4,0.3333333333333333,0.6666666666666666
Darren Waller,TE,21.861629182310114,13.708437006183456,48,8,39,0.16666666666666666,0.8125
Darrynton Evans,RB,25.789840745617454,22.496804698308996,7,2,5,0.2857142857142857,0.7142857142857143
Davante Adams,WR,22.549076046078913,15.725983149631897,102,29,69,0.28431372549019607,0.6764705882352942
David Bell,WR,19.854176341694316,13.164767791694931,16,6,9,0.375,0.5625
David Montgomery,RB,22.26869938749838,19.409275618632293,13,4,9,0.3076923076923077,0.6923076923076923
David Moore,WR,21.504229016242167,10.342824510022016,3,0,2,0.0,0.6666666666666666
David Njoku,TE,22.521851525375034,16.5924687924264,76,22,52,0.2894736842105263,0.6842105263157895
David Wells,TE,21.460848239804083,21.460848239804083,1,0,1,0.0,1.0
Davis Allen,TE,19.09644473461053,16.401807003264615,8,1,7,0.125,0.875
Dawson Knox,TE,24.09386691815977,21.95062352238652,22,7,13,0.3181818181818182,0.5909090909090909
De'Von Achane,RB,34.77200097155417,27.737612497307836,12,5,7,0.4166666666666667,0.5833333333333334
DeAndre Carter,WR,45.55584738209301,45.55584738209301,1,1,0,1.0,0.0
DeAndre Hopkins,WR,20.037095502255745,14.4938096854924,87,32,52,0.367816091954023,0.5977011494252874
DeMario Douglas,WR,22.455683498294814,15.102534721365094,33,11,19,0.3333333333333333,0.5757575757575758
DeVante Parker,WR,14.967848283692062,11.001250658647232,30,12,17,0.4,0.5666666666666667
DeVonta Smith,WR,28.837798766462203,22.041099801875017,67,18,48,0.26865671641791045,0.7164179104477612
DeeJay Dallas,RB,18.542461723868104,19.606352545264066,5,0,5,0.0,1.0
Deebo Samuel Sr.,WR,25.54918909850239,18.50540828734487,53,13,39,0.24528301886792453,0.7358490566037735
Demarcus Robinson,WR,25.654969609190108,19.99095784257289,20,3,16,0.15,0.8
Deon Jackson,RB,21.975500338346354,22.38995683523061,5,1,4,0.2,0.8
Deonte Harty,WR,26.034176977837838,22.869217368952356,10,2,7,0.2,0.7
Derius Davis,WR,33.74757656318565,31.578441557884627,5,1,4,0.2,0.8
Derrick Henry,RB,26.365397844101054,22.235161972979075,12,2,10,0.16666666666666666,0.8333333333333334
Deuce Vaughn,RB,21.401259900855983,20.8168136934879,5,0,5,0.0,1.0
Deven Thompkins,WR,25.528377782631686,19.643447287501537,11,5,5,0.45454545454545453,0.45454545454545453
Devin Duvernay,WR,11.943332497364496,12.359777646802147,3,2,1,0.6666666666666666,0.3333333333333333
Devin Singletary,RB,25.377431144518628,21.18583124823407,21,4,17,0.19047619047619047,0.8095238095238095
Devine Ozigbo,RB,13.07395516455838,13.07395516455838,1,0,1,0.0,1.0
Diontae Johnson,WR,26.34018011365874,18.221876553258898,50,19,31,0.38,0.62
Donald Parham,TE,20.638480812540084,12.6983888661488,22,6,16,0.2727272727272727,0.7272727272727273
Donovan Peoples-Jones,WR,18.73607858970784,15.642366559445833,14,6,7,0.42857142857142855,0.5
Donovan Smith,T,14.441213833350568,14.441213833350568,1,0,1,0.0,1.0
Dontayvion Wicks,WR,27.27522118565215,23.05439630340425,34,8,26,0.23529411764705882,0.7647058823529411
Drake London,WR,19.399443130454294,13.61430692307465,67,15,50,0.22388059701492538,0.746268656716418
Drew Sample,TE,26.407048616304575,20.88549415231954,19,2,16,0.10526315789473684,0.8421052631578947
Durham Smythe,TE,23.77143524461465,18.71051847017807,35,5,30,0.14285714285714285,0.8571428571428571
Dyami Brown,WR,26.70843468003672,22.299145191559354,14,6,6,0.42857142857142855,0.42857142857142855
Elijah Cooks,WR,35.07818752989901,36.95263121318382,4,1,3,0.25,0.75
Elijah Dotson,RB,22.01663356905334,22.01663356905334,2,0,2,0.0,1.0
Elijah Higgins,TE,26.259168823098896,22.36786600995674,15,3,12,0.2,0.8
Elijah Mitchell,RB,14.722402765422359,14.61232088147964,3,0,3,0.0,1.0
Elijah Moore,WR,25.661238505696314,23.86691933020673,65,25,40,0.38461538461538464,0.6153846153846154
Emanuel Wilson,RB,21.441550861093795,21.432007975907414,4,1,3,0.25,0.75
Emari Demercado,RB,22.57942518088393,20.79275466565434,24,4,20,0.16666666666666666,0.8333333333333334
Equanimeous St. Brown,WR,27.497053476843963,32.37150243320103,5,1,4,0.2,0.8
Eric Gray,RB,24.21167752116926,21.156678979158926,6,1,5,0.16666666666666666,0.8333333333333334
Eric Saubert,TE,20.846671609527792,17.60380050953331,3,0,3,0.0,1.0
Evan Engram,TE,18.0553576156103,12.99834987161363,83,14,69,0.1686746987951807,0.8313253012048193
Evan Hull,RB,15.308287313860934,15.308287313860934,1,0,1,0.0,1.0
Ezekiel Elliott,RB,23.53002849712217,17.46754136742938,27,5,22,0.18518518518518517,0.8148148148148148
Foster Moreau,TE,19.70098141751735,21.15595476754592,19,1,18,0.05263157894736842,0.9473684210526315
Gabe Davis,WR,25.18880253233493,20.565418539879435,43,10,30,0.23255813953488372,0.6976744186046512
Garrett Wilson,WR,18.624451209952188,15.26296561122438,95,36,56,0.37894736842105264,0.5894736842105263
Gary Brightwell,RB,37.014396531885794,37.014396531885794,2,1,1,0.5,0.5
Geoff Swaim,TE,14.849959914357777,15.063142169763076,5,0,5,0.0,1.0
George Kittle,TE,29.256507832173135,23.58049886789532,63,16,45,0.25396825396825395,0.7142857142857143
George Pickens,WR,20.16989170493822,15.395844613026611,64,17,45,0.265625,0.703125
Gerald Everett,TE,22.416705071011126,15.330352400147852,40,10,30,0.25,0.75
Giovanni Ricci,TE,15.84728274582844,15.84728274582844,1,0,1,0.0,1.0
Grant Calcaterra,TE,50.07927931557339,50.07927931557339,2,0,2,0.0,1.0
Greg Dortch,WR,20.425792053612305,15.606100255836477,23,9,14,0.391304347826087,0.6086956521739131
Greg Dulcich,TE,34.5893008308208,34.5893008308208,2,0,2,0.0,1.0
Gunner Olszewski,WR,39.511154523024786,39.511154523024786,1,0,1,0.0,1.0
Gus Edwards,RB,25.85481127586846,26.736480565790266,9,0,9,0.0,1.0
Harrison Bryant,TE,19.756875369805815,17.38197320473062,16,4,11,0.25,0.6875
Hayden Hurst,TE,24.836576149345156,15.824063135891828,25,7,16,0.28,0.64
Hunter Henry,TE,16.680439354950984,15.425347622558617,39,11,27,0.28205128205128205,0.6923076923076923
Hunter Luepke,FB,19.324928937225433,17.497783603025493,3,0,3,0.0,1.0
Hunter Renfrow,WR,20.665806007668504,17.63159023454282,22,8,14,0.36363636363636365,0.6363636363636364
Ian Thomas,TE,23.237842503275857,18.075720751970454,6,1,5,0.16666666666666666,0.8333333333333334
Ihmir Smith-Marsette,WR,50.59253124515493,50.59253124515493,2,1,1,0.5,0.5
Irv Smith,TE,16.778006813055644,17.34980638344411,16,4,11,0.25,0.6875
Isaiah Hodgins,WR,16.801546810080122,13.496654520073207,18,4,14,0.2222222222222222,0.7777777777777778
Isaiah Likely,TE,20.832058209793487,17.17201687475303,29,6,23,0.20689655172413793,0.7931034482758621
Isaiah McKenzie,WR,24.629753209272604,21.431746194262736,5,1,4,0.2,0.8
Isaiah Spiller,RB,34.0990147594487,33.34931699638374,5,0,5,0.0,1.0
Isiah Pacheco,RB,26.90713112148856,22.610085286518103,28,3,25,0.10714285714285714,0.8928571428571429
Israel Abanikanda,RB,18.666901050541703,17.7253863544466,8,3,5,0.375,0.625
J.K. Dobbins,RB,13.260671930021806,13.260671930021806,1,0,1,0.0,1.0
Ja'Marr Chase,WR,20.717995169370035,18.67695862932193,77,22,53,0.2857142857142857,0.6883116883116883
Jack Stoll,TE,18.167450422058568,18.17010909858131,5,2,3,0.4,0.6
Jahan Dotson,WR,18.17456323683177,14.939105458294533,43,13,28,0.3023255813953488,0.6511627906976745
Jahmyr Gibbs,RB,18.83672503650993,17.425061095182695,46,9,36,0.1956521739130435,0.782608695652174
Jake Bobo,WR,23.565457516678197,20.275607705755686,16,3,13,0.1875,0.8125
Jake Ferguson,TE,19.678788375568143,15.198473083615564,57,14,43,0.24561403508771928,0.7543859649122807
Jake Funk,RB,31.279622579726798,31.279622579726798,1,0,1,0.0,1.0
Jakob Johnson,FB,21.88278662141466,21.88278662141466,2,1,1,0.5,0.5
Jakobi Meyers,WR,18.34297534471568,16.49282463537596,63,14,46,0.2222222222222222,0.7301587301587301
Jaleel McLaughlin,RB,27.13281366592401,26.413949946037945,16,2,14,0.125,0.875
Jalen Brooks,WR,29.30408866565861,29.247532566600757,4,0,4,0.0,1.0
Jalen Guyton,WR,16.359109004876444,13.855744543881212,14,8,6,0.5714285714285714,0.42857142857142855
Jalen Nailor,WR,18.808136102153693,17.596669311440188,3,2,1,0.6666666666666666,0.3333333333333333
Jalen Reagor,WR,15.25284964063595,11.310190682999114,11,4,5,0.36363636363636365,0.45454545454545453
Jalen Tolbert,WR,26.598733872442814,19.979732499780113,16,4,11,0.25,0.6875
Jalin Hyatt,WR,20.494357979893923,11.925370034820133,26,10,14,0.38461538461538464,0.5384615384615384
Jamaal Williams,RB,21.17475852443129,16.309918959969323,11,0,11,0.0,1.0
Jamal Agnew,WR,22.869694670667837,18.890764630300865,14,2,11,0.14285714285714285,0.7857142857142857
James Conner,RB,17.65702467864799,18.009309565865824,17,3,14,0.17647058823529413,0.8235294117647058
James Cook,RB,22.179986293350492,18.02213635908849,26,2,24,0.07692307692307693,0.9230769230769231
James Mitchell,TE,21.788411350276526,21.788411350276526,2,0,2,0.0,1.0
James Proche,WR,5.108011704807861,5.108011704807861,2,2,0,1.0,0.0
Jameson Williams,WR,28.231581879228532,22.94990951264738,22,8,13,0.36363636363636365,0.5909090909090909
Jamison Crowder,WR,21.646432972179237,19.209868347847273,8,1,7,0.125,0.875
Jashaun Corbin,RB,18.24479296884783,11.279426984762253,3,0,3,0.0,1.0
Jason Brownlee,WR,23.187788564943148,24.474579418052105,4,0,3,0.0,0.75
Jauan Jennings,WR,17.035435210231828,18.250516312203764,15,5,9,0.3333333333333333,0.6
Javonte Williams,RB,20.499837503922464,17.025059992973294,37,7,30,0.1891891891891892,0.8108108108108109
Jaxon Smith-Njigba,WR,21.902538920319,19.57799424829382,43,11,30,0.2558139534883721,0.6976744186046512
Jayden Reed,WR,31.04700618009893,27.383619183737803,43,7,35,0.16279069767441862,0.813953488372093
Jaylen Waddle,WR,20.684571384781375,20.84608946371867,65,17,45,0.26153846153846155,0.6923076923076923
Jaylen Warren,RB,21.227991069695946,19.923351463263778,36,5,31,0.1388888888888889,0.8611111111111112
Jeff Wilson,RB,34.907808487419246,25.56027418096211,12,2,10,0.16666666666666666,0.8333333333333334
Jeremy Ruckert,TE,19.710718651630454,14.141566626147252,11,0,11,0.0,1.0
Jerick McKinnon,RB,24.1518901551077,25.490648946409895,15,4,11,0.26666666666666666,0.7333333333333333
Jerome Ford,RB,25.756035453991114,18.518631598477832,38,11,27,0.2894736842105263,0.7105263157894737
Jerry Jeudy,WR,26.220400461912067,19.0735846330225,54,16,37,0.2962962962962963,0.6851851851851852
Jesper Horsted,TE,37.940708520205824,37.940708520205824,1,0,1,0.0,1.0
Jimmy Graham,TE,10.46308990109045,10.91141946881149,3,1,2,0.3333333333333333,0.6666666666666666
Joe Mixon,RB,25.35995594000356,24.093958719660158,31,6,25,0.1935483870967742,0.8064516129032258
John Bates,TE,18.185262265921242,16.818381598230914,18,3,15,0.16666666666666666,0.8333333333333334
John FitzPatrick,TE,10.975716098645558,10.975716098645558,1,0,1,0.0,1.0
John Metchie III,WR,30.172618727982663,28.07391316619553,15,5,10,0.3333333333333333,0.6666666666666666
Johnny Mundt,TE,21.902428762668542,18.00183523423194,15,2,12,0.13333333333333333,0.8
Jonathan Mingo,WR,23.783639402303656,15.0817552891846,45,19,25,0.4222222222222222,0.5555555555555556
Jonathan Taylor,RB,25.6758358726387,18.783736844245144,11,3,8,0.2727272727272727,0.7272727272727273
Jonnu Smith,TE,24.620203688714223,19.123340438841186,47,10,36,0.2127659574468085,0.7659574468085106
Jordan Addison,WR,24.983046125560666,19.008304512192726,65,13,50,0.2,0.7692307692307693
Jordan Akins,TE,20.096351000466672,17.646584368674425,16,6,10,0.375,0.625
Jordan Mason,RB,19.862862493901197,20.318896159995557,4,1,3,0.25,0.75
Josh Downs,WR,16.265501111502292,13.571588567778088,53,13,40,0.24528301886792453,0.7547169811320755
Josh Jacobs,RB,18.614231189154452,16.252468830735122,34,6,26,0.17647058823529413,0.7647058823529411
Josh Oliver,TE,26.62174212043711,21.268319578764277,19,2,17,0.10526315789473684,0.8947368421052632
Josh Palmer,WR,19.60695933484117,13.439860845430715,24,7,17,0.2916666666666667,0.7083333333333334
Josh Reynolds,WR,19.44884517698552,19.497379491987672,36,12,24,0.3333333333333333,0.6666666666666666
Josh Whyle,TE,18.53262918109969,18.804952012830753,12,4,7,0.3333333333333333,0.5833333333333334
Joshua Kelley,RB,23.216753273229788,26.982711124983386,9,3,6,0.3333333333333333,0.6666666666666666
Josiah Deguara,TE,32.99621087097576,23.121749205171632,7,0,7,0.0,1.0
JuJu Smith-Schuster,WR,21.009645715459644,16.00401547993994,19,6,11,0.3157894736842105,0.5789473684210527
Julian Hill,TE,23.344704857668102,22.294265976575037,6,1,5,0.16666666666666666,0.8333333333333334
Julio Jones,WR,15.413812960401229,11.510829482754161,8,4,3,0.5,0.375
Justice Hill,RB,23.640712259263246,21.705903935228648,20,9,11,0.45,0.55
Justin Jefferson,WR,21.534624556688915,15.505362592820202,63,16,45,0.25396825396825395,0.7142857142857143
Justin Watson,WR,26.888555709759576,26.015913984020727,24,11,11,0.4583333333333333,0.4583333333333333
Justyn Ross,WR,31.738729530903342,30.254455566431275,9,3,6,0.3333333333333333,0.6666666666666666
Juwan Johnson,TE,15.79882594744618,13.913729403816832,34,9,22,0.2647058823529412,0.6470588235294118
Juwann Winfree,WR,8.231445690632166,8.231445690632166,1,1,0,1.0,0.0
K.J. Osborn,WR,25.98782578269099,21.89929351384378,44,12,29,0.2727272727272727,0.6590909090909091
KaVontae Turpin,WR,28.228859004474796,26.005928480446173,6,1,5,0.16666666666666666,0.8333333333333334
Kadarius Toney,WR,25.87783898515259,19.523693097596293,19,8,9,0.42105263157894735,0.47368421052631576
Kalif Raymond,WR,26.43435057863022,16.687244921849462,25,7,18,0.28,0.72
Kareem Hunt,RB,30.684609813603554,22.244246598596632,12,3,9,0.25,0.75
Kayshon Boutte,WR,7.035497219027135,3.5130079928736873,3,2,1,0.6666666666666666,0.3333333333333333
Ke'Shawn Vaughn,RB,16.221867908557236,16.221867908557236,2,1,1,0.5,0.5
Keaontay Ingram,RB,20.775110188905508,19.26945062125226,3,0,3,0.0,1.0
Keaton Mitchell,RB,29.065009354119876,26.914974754340776,5,0,5,0.0,1.0
Keelan Doss,WR,24.314743686923457,18.19859582763193,5,3,2,0.6,0.4
Keenan Allen,WR,23.69360086614952,18.418000305101415,88,19,68,0.2159090909090909,0.7727272727272727
Keith Kirkwood,WR,15.86939235553884,11.614314780632764,5,2,3,0.4,0.6
Keith Smith,FB,10.1472750942026,10.1472750942026,2,0,2,0.0,1.0
Kendre Miller,RB,22.89556036674953,24.357004421190016,8,1,7,0.125,0.875
Kendrick Bourne,WR,22.706413503640047,15.488349712652447,36,5,28,0.1388888888888889,0.7777777777777778
Kenneth Gainwell,RB,31.40626007025361,26.41905626390256,24,1,23,0.041666666666666664,0.9583333333333334
Kenneth Walker III,RB,19.17280321628838,17.17976181117259,20,3,17,0.15,0.85
Kenny Yeboah,TE,16.219650801772108,19.64298254663332,4,2,2,0.5,0.5
Kevin Harris,RB,25.30741322067034,25.30741322067034,1,0,1,0.0,1.0
Kevin Rader,TE,19.92499730913364,19.66789979426396,3,2,1,0.6666666666666666,0.3333333333333333
KhaDarel Hodge,WR,21.580482642504666,16.441309548055358,17,5,10,0.29411764705882354,0.5882352941176471
Khalil Herbert,RB,20.442393626456774,18.387798159474947,12,1,11,0.08333333333333333,0.9166666666666666
Khalil Shakir,WR,32.361128053605306,22.618620374258104,24,3,21,0.125,0.875
Khari Blasingame,FB,51.98003340429153,36.29051502906848,5,2,3,0.4,0.6
Ko Kieft,TE,43.845160402958506,37.1913907714941,3,3,0,1.0,0.0
Kyle Juszczyk,FB,32.072091742802556,25.579592446263078,10,0,10,0.0,1.0
Kyle Philips,WR,30.404253517295317,25.812881677940403,11,4,7,0.36363636363636365,0.6363636363636364
Kyle Pitts,TE,16.76775380908431,12.255001340481002,64,23,39,0.359375,0.609375
Kylen Granson,TE,24.084708010724906,16.519843580355964,28,9,19,0.32142857142857145,0.6785714285714286
Kyren Williams,RB,20.84152110722315,19.29267365167331,24,6,17,0.25,0.7083333333333334
La'Mical Perine,RB,30.74849023669516,36.09623523725647,3,1,2,0.3333333333333333,0.6666666666666666
Laquon Treadwell,WR,21.370626886733056,21.370626886733056,1,1,0,1.0,0.0
Latavius Murray,RB,21.65016465006279,17.350971170237248,13,4,9,0.3076923076923077,0.6923076923076923
Laviska Shenault Jr.,WR,33.94351636227726,33.94351636227726,1,0,1,0.0,1.0
Lawrence Cager,TE,24.174848576322834,21.543849485045854,4,0,4,0.0,1.0
Lil'Jordan Humphrey,WR,17.45343915061338,14.402292052504475,9,3,6,0.3333333333333333,0.6666666666666666
Logan Thomas,TE,13.67124163661559,12.714982594042892,49,9,40,0.1836734693877551,0.8163265306122449
Lucas Krull,TE,31.70124903167118,27.43145503345229,11,3,7,0.2727272727272727,0.6363636363636364
Luke Farrell,TE,19.100942280615776,15.440041592813635,12,1,11,0.08333333333333333,0.9166666666666666
Luke Musgrave,TE,21.32080679076344,15.5764047697474,27,8,19,0.2962962962962963,0.7037037037037037
Luke Schoonmaker,TE,16.821933832909462,13.64449664960137,11,5,6,0.45454545454545453,0.5454545454545454
Lynn Bowden,WR,43.80456928265673,33.572143462768835,11,4,7,0.36363636363636365,0.6363636363636364
Mack Hollins,WR,27.662976147979908,19.450056226592775,24,9,15,0.375,0.625
Malcolm Rodriguez,ILB,19.315405169091534,19.315405169091534,1,0,1,0.0,1.0
Malik Heath,WR,15.821908235679958,15.943872483907679,17,7,10,0.4117647058823529,0.5882352941176471
Malik Taylor,WR,26.84824777796013,22.48168911853332,3,2,1,0.6666666666666666,0.3333333333333333
Marcedes Lewis,TE,18.1092951542808,18.1092951542808,2,1,1,0.5,0.5
Mark Andrews,TE,21.74889763460178,17.045512260185923,36,9,27,0.25,0.75
Marquez Valdes-Scantling,WR,25.56562865799533,26.208861474344012,24,9,14,0.375,0.5833333333333334
Marquise Brown,WR,17.24998563985562,16.034959839810842,55,23,31,0.41818181818181815,0.5636363636363636
Marquise Goodwin,WR,34.913962583142336,24.17497365646726,8,3,3,0.375,0.375
Marvin Jones,WR,20.8822317309273,17.25687805972912,8,4,4,0.5,0.5
Marvin Mims Jr.,WR,19.26684161850794,22.590146021483594,15,3,11,0.2,0.7333333333333333
Matt Breida,RB,26.506512142116087,22.287966608848794,15,3,12,0.2,0.8
Mecole Hardman,WR,23.483660057690496,24.83642420710018,3,1,1,0.3333333333333333,0.3333333333333333
Melvin Gordon,RB,45.28159215182734,45.28159215182734,2,0,2,0.0,1.0
Michael Burton,FB,22.59287755237256,20.868722434736856,3,0,3,0.0,1.0
Michael Carter,RB,18.575099838602107,17.064730840317488,28,5,22,0.17857142857142858,0.7857142857142857
Michael Gallup,WR,16.450268440474645,11.075946761704316,40,16,23,0.4,0.575
Michael Mayer,TE,19.59266499277709,14.873293841574778,23,5,17,0.21739130434782608,0.7391304347826086
Michael Pittman,WR,20.182757925806353,18.36018918549012,69,13,52,0.18840579710144928,0.7536231884057971
Michael Thomas,WR,18.148507499739207,13.96728793771362,36,10,26,0.2777777777777778,0.7222222222222222
Michael Wilson,WR,29.933514937212497,21.77651195187416,38,8,29,0.21052631578947367,0.7631578947368421
Mike Boone,RB,21.263196961914108,24.989597614105897,6,1,5,0.16666666666666666,0.8333333333333334
Mike Evans,WR,20.386414640939023,17.677644587385338,89,30,57,0.33707865168539325,0.6404494382022472
Mike Gesicki,TE,21.49898596833437,15.982467988048674,26,2,22,0.07692307692307693,0.8461538461538461
Mike Strachan,WR,20.727462246757955,12.405894441142918,3,2,1,0.6666666666666666,0.3333333333333333
Mike Williams,WR,19.42982148831081,16.6611504831008,11,2,9,0.18181818181818182,0.8181818181818182
Miles Boykin,WR,14.7413296067003,17.127586912085324,3,1,2,0.3333333333333333,0.6666666666666666
Miles Sanders,RB,25.978454817801875,23.583176331825562,23,6,17,0.2608695652173913,0.7391304347826086
Mitchell Wilcox,TE,29.21280673310793,23.243209688062873,8,1,7,0.125,0.875
Mo Alie-Cox,TE,16.896358946612654,14.567676281777878,14,7,6,0.5,0.42857142857142855
MyCole Pruitt,TE,22.29689476330208,16.50037945621818,8,1,7,0.125,0.875
Najee Harris,RB,21.739336837828112,18.801976129937863,28,3,25,0.10714285714285714,0.8928571428571429
Nate Adkins,TE,23.589013830030545,24.96266069869037,4,0,4,0.0,1.0
Nelson Agholor,WR,24.812073464579047,18.683903394769757,22,3,18,0.13636363636363635,0.8181818181818182
Nick Bawden,FB,28.772921208528924,24.502730416061375,3,0,3,0.0,1.0
Nick Chubb,RB,11.845524688799152,11.845524688799152,1,0,1,0.0,1.0
Nick Muse,TE,30.395193249837707,30.395193249837707,1,0,1,0.0,1.0
Nick Westbrook-Ikhine,WR,23.517045620981566,16.85020685196333,27,5,22,0.18518518518518517,0.8148148148148148
Nico Collins,WR,24.285758180052063,17.149259247034436,62,14,47,0.22580645161290322,0.7580645161290323
Noah Brown,WR,27.56354452288034,24.187920414390767,27,7,20,0.25925925925925924,0.7407407407407407
Noah Fant,TE,26.48189527100148,21.50232204761291,36,6,29,0.16666666666666666,0.8055555555555556
Noah Gray,TE,22.833154695653565,17.733102993176693,32,8,23,0.25,0.71875
Odell Beckham,WR,20.86020261762827,15.117105024981441,37,13,24,0.35135135135135137,0.6486486486486487
Olamide Zaccheaus,WR,18.210183402072417,13.477383977388145,9,3,6,0.3333333333333333,0.6666666666666666
Parker Washington,WR,14.08483491959172,14.058140051113835,9,1,7,0.1111111111111111,0.7777777777777778
Parris Campbell,WR,17.095814390022166,16.890682536133404,17,2,14,0.11764705882352941,0.8235294117647058
Pat Freiermuth,TE,16.22860903586183,13.245370227556172,34,8,26,0.23529411764705882,0.7647058823529411
Patrick Ricard,FB,30.68529594865382,30.68529594865382,2,0,2,0.0,1.0
Patrick Taylor,RB,30.600123481408964,28.110971188247383,8,1,7,0.125,0.875
Payne Durham,TE,16.12813761953762,14.60019919782267,5,1,4,0.2,0.8
Peyton Hendershot,TE,20.917005045091592,24.30465429391562,4,1,3,0.25,0.75
Pharaoh Brown,TE,26.332704041931358,26.31781865275812,11,1,10,0.09090909090909091,0.9090909090909091
Phillip Dorsett,WR,21.797384459915293,6.765155165303522,3,3,0,1.0,0.0
Pierre Strong,RB,13.56291929876206,13.56291929876206,2,1,1,0.5,0.5
Puka Nacua,WR,16.927384387747363,14.430231177078557,90,23,65,0.25555555555555554,0.7222222222222222
Quentin Johnston,WR,18.85166364758344,14.213323305342833,37,19,18,0.5135135135135135,0.4864864864864865
Quez Watkins,WR,30.993492564684995,19.735791563457035,13,2,10,0.15384615384615385,0.7692307692307693
Quintin Morris,TE,18.353765285903517,18.353765285903517,2,1,1,0.5,0.5
Rachaad White,RB,18.737485472264904,17.1690309918061,51,3,48,0.058823529411764705,0.9411764705882353
Raheem Blackshear,RB,27.292727286133648,29.016209274734432,4,0,4,0.0,1.0
Raheem Mostert,RB,42.2011241064334,36.50642424116091,13,2,10,0.15384615384615385,0.7692307692307693
Rakim Jarrett,WR,16.17048556526225,11.25267620219255,4,2,2,0.5,0.5
Randall Cobb,WR,14.478622144103175,12.389310251971342,9,5,2,0.5555555555555556,0.2222222222222222
Rashaad Penny,RB,51.04959595340576,51.04959595340576,1,0,1,0.0,1.0
Rashee Rice,WR,26.4008030103256,19.923928341830738,50,7,43,0.14,0.86
Rashid Shaheed,WR,31.0871302452526,22.52965138945367,40,12,26,0.3,0.65
Rashod Bateman,WR,21.817789732183847,17.50168316870601,33,15,17,0.45454545454545453,0.5151515151515151
Ray-Ray McCloud,WR,20.139800216844854,12.36294468341432,9,1,7,0.1111111111111111,0.7777777777777778
Reggie Gilliam,FB,32.15512278164336,32.15512278164336,1,0,1,0.0,1.0
Rhamondre Stevenson,RB,20.079968979037222,18.541994923113432,27,6,21,0.2222222222222222,0.7777777777777778
Richie James,WR,22.589115037518255,19.364585650969936,11,3,8,0.2727272727272727,0.7272727272727273
Rico Dowdle,RB,20.78897232473508,15.40405453528017,13,3,10,0.23076923076923078,0.7692307692307693
River Cracraft,WR,20.115813500334607,20.171496468209572,7,1,6,0.14285714285714285,0.8571428571428571
Robbie Chosen,WR,20.862445907003462,6.9319196593290116,6,1,4,0.16666666666666666,0.6666666666666666
Robert Tonyan,TE,25.461446965556778,25.097144973260868,10,2,8,0.2,0.8
Robert Woods,WR,20.888553327670554,17.07468830171977,42,15,27,0.35714285714285715,0.6428571428571429
Rod Williams,TE,39.7464305065525,39.7464305065525,2,2,0,1.0,0.0
Romeo Doubs,WR,21.536662810403737,15.227592746600852,65,16,46,0.24615384615384617,0.7076923076923077
Rondale Moore,WR,23.867259232793902,18.814936310996657,32,9,23,0.28125,0.71875
Ronnie Bell,WR,21.932946987404808,17.17895518325927,8,5,3,0.625,0.375
Ronnie Rivers,RB,19.21219334381793,22.270873160911123,3,0,3,0.0,1.0
Roschon Johnson,RB,27.116310661081027,19.742736594807667,23,3,20,0.13043478260869565,0.8695652173913043
Royce Freeman,RB,27.175333681567615,27.175333681567615,1,0,1,0.0,1.0
Salvon Ahmed,RB,22.301866519050794,23.114137490230707,11,3,7,0.2727272727272727,0.6363636363636364
Sam LaPorta,TE,21.44529694648893,15.790436780541643,77,17,57,0.22077922077922077,0.7402597402597403
Samaje Perine,RB,20.61338731353264,18.86369092018337,42,2,40,0.047619047619047616,0.9523809523809523
Samori Toure,WR,26.449580777672576,14.148841541347434,12,5,6,0.4166666666666667,0.5
Saquon Barkley,RB,34.331444663132416,26.96919230242734,33,7,24,0.21212121212121213,0.7272727272727273
Scott Miller,WR,30.039221862019566,12.983665266038912,8,2,6,0.25,0.75
Sean McKeon,TE,17.667819425420312,17.667819425420312,1,1,0,1.0,0.0
Sean Tucker,RB,9.43887930682738,9.43887930682738,1,0,1,0.0,1.0
Shedrick Jackson,WR,0.16523646687474475,0.16523646687474475,1,1,0,1.0,0.0
Simi Fehoko,WR,63.140080881503955,63.140080881503955,1,1,0,1.0,0.0
Skyy Moore,WR,26.528331169987936,21.851702036562166,19,7,12,0.3684210526315789,0.631578947368421
Stefon Diggs,WR,21.884556876391073,16.33475657799594,88,24,60,0.2727272727272727,0.6818181818181818
Stephen Sullivan,TE,23.007563463594014,20.31697725645902,12,4,8,0.3333333333333333,0.6666666666666666
Sterling Shepard,WR,17.83296813606326,14.616513644610494,10,4,6,0.4,0.6
Stone Smartt,TE,26.430700795336634,17.414939567839234,14,4,10,0.2857142857142857,0.7142857142857143
T.J. Hockenson,TE,22.29248782426275,19.14044155129501,84,17,66,0.20238095238095238,0.7857142857142857
Tank Bigsby,RB,17.52883783886231,14.112309142950867,3,1,1,0.3333333333333333,0.3333333333333333
Tank Dell,WR,23.781572527770802,18.14520930833621,53,19,34,0.3584905660377358,0.6415094339622641
Tanner Hudson,TE,21.31769967962845,15.178614041561762,40,4,35,0.1,0.875
Taysom Hill,QB,25.005925714436753,19.29040349411723,27,4,23,0.14814814814814814,0.8518518518518519
Teagan Quitoriano,TE,60.14294903985869,60.14294903985869,2,1,1,0.5,0.5
Tee Higgins,WR,18.350902629457245,16.264319460549856,50,17,32,0.34,0.64
Terrace Marshall Jr.,WR,18.786422049464875,16.44638452095669,21,6,15,0.2857142857142857,0.7142857142857143
Terry McLaurin,WR,18.23205630702212,15.157093624448414,71,19,49,0.2676056338028169,0.6901408450704225
Tim Jones,WR,13.93538645957412,8.587874566965453,13,4,9,0.3076923076923077,0.6923076923076923
Tommy Tremble,TE,29.15015500649466,22.789858680381155,15,1,13,0.06666666666666667,0.8666666666666667
Tony Jones,RB,43.84224380574999,36.72012868861288,4,0,4,0.0,1.0
Tony Pollard,RB,19.80904123687081,19.24456086844576,39,6,33,0.15384615384615385,0.8461538461538461
Travis Etienne,RB,20.89439216410099,18.327326470660438,36,5,31,0.1388888888888889,0.8611111111111112
Travis Kelce,TE,24.06577940912152,17.595620345983455,72,15,56,0.20833333333333334,0.7777777777777778
Trayveon Williams,RB,17.445242041519787,18.72896100793379,6,1,5,0.16666666666666666,0.8333333333333334
Tre Tucker,WR,25.040480879246655,19.86679533842527,23,10,11,0.43478260869565216,0.4782608695652174
Trent Sherfield,WR,17.000353441953795,17.224739173360135,9,4,5,0.4444444444444444,0.5555555555555556
Trent Taylor,WR,0.43303494872106174,0.43303494872106174,1,1,0,1.0,0.0
Trenton Irwin,WR,20.63922775005131,16.720658128888765,21,2,18,0.09523809523809523,0.8571428571428571
Trevon Wesco,TE,15.043346719186705,15.043346719186705,1,1,0,1.0,0.0
Trey McBride,TE,25.140081484504464,16.998418902103708,66,11,51,0.16666666666666666,0.7727272727272727
Trey Palmer,WR,20.58102999105232,15.170818335792479,43,19,24,0.4418604651162791,0.5581395348837209
Trey Sermon,RB,22.363673823727858,24.882648489738557,5,2,3,0.4,0.6
Treylon Burks,WR,29.451835927391276,26.607655627523584,14,6,8,0.42857142857142855,0.5714285714285714
Trishton Jackson,WR,15.945947878996064,18.25613555149876,3,1,2,0.3333333333333333,0.6666666666666666
Tucker Fisk,TE,21.330179452416065,21.330179452416065,1,0,1,0.0,1.0
Tucker Kraft,TE,29.382636580604583,23.617192781451454,26,3,23,0.11538461538461539,0.8846153846153846
Tutu Atwell,WR,22.578142918277628,19.7667299827506,37,12,24,0.32432432432432434,0.6486486486486487
Ty Chandler,RB,38.77073613104105,35.35487481267124,12,2,10,0.16666666666666666,0.8333333333333334
Ty Johnson,RB,30.32361978254038,23.29466593795756,5,0,5,0.0,1.0
Ty Montgomery,WR,12.120236930645552,8.518039377708847,7,3,3,0.42857142857142855,0.42857142857142855
Tyjae Spears,RB,18.63847470588193,17.875777248002926,25,7,18,0.28,0.72
Tylan Wallace,WR,17.66540370410647,17.66540370410647,1,0,1,0.0,1.0
Tyler Allgeier,RB,35.143997620526555,28.546417856683213,11,1,10,0.09090909090909091,0.9090909090909091
Tyler Boyd,WR,20.88864453908481,16.390654628993573,54,12,40,0.2222222222222222,0.7407407407407407
Tyler Conklin,TE,17.832320326634093,15.34929283455331,54,7,46,0.12962962962962962,0.8518518518518519
Tyler Goodson,RB,31.66273050066111,32.8283325910636,4,1,3,0.25,0.75
Tyler Higbee,TE,27.406103259702366,26.500183566670128,39,11,28,0.28205128205128205,0.717948717948718
Tyler Johnson,WR,16.321890209428066,16.321890209428066,2,1,1,0.5,0.5
Tyler Lockett,WR,27.82773975381021,22.671114661996448,69,15,52,0.21739130434782608,0.7536231884057971
Tyler Scott,WR,29.91162191176938,23.45975321752831,18,4,13,0.2222222222222222,0.7222222222222222
Tyquan Thornton,WR,20.408786321899026,17.772541147802656,10,2,8,0.2,0.8
Tyreek Hill,WR,28.94554957572477,22.46362141144497,100,23,72,0.23,0.72
Van Jefferson,WR,23.00924266150475,15.76897689187587,31,13,16,0.41935483870967744,0.5161290322580645
Velus Jones Jr.,RB,23.677027762650084,25.332450577499905,3,1,2,0.3333333333333333,0.6666666666666666
Wan'Dale Robinson,WR,18.760309808282866,16.969976537611977,44,7,37,0.1590909090909091,0.8409090909090909
Will Dissly,TE,16.032687067729686,14.66631777042117,15,1,14,0.06666666666666667,0.9333333333333333
Will Mallory,TE,25.754674217570653,14.380492308424643,13,2,11,0.15384615384615385,0.8461538461538461
Willie Snead,WR,23.487078068028243,23.487078068028243,2,0,2,0.0,1.0
Xavier Gipson,WR,25.93519596518081,18.036075948757453,17,4,13,0.23529411764705882,0.7647058823529411
Xavier Hutchinson,WR,23.052227349035434,19.745304821360286,12,7,5,0.5833333333333334,0.4166666666666667
Zach Charbonnet,RB,22.316046161356788,22.153668236228185,28,5,23,0.17857142857142858,0.8214285714285714
Zach Ertz,TE,18.79522060540915,13.869685543269469,28,6,21,0.21428571428571427,0.75
Zach Pascal,WR,14.015109228096946,8.529124079295928,10,5,3,0.5,0.3
Zack Moss,RB,19.86190512166289,17.936479625238896,24,6,18,0.25,0.75
Zamir White,RB,19.197850845989635,17.817766192154792,13,2,11,0.15384615384615385,0.8461538461538461
Zay Flowers,WR,30.890378199711357,24.895382883824077,50,11,39,0.22,0.78
Zay Jones,WR,19.124153124483193,15.293368620721864,37,14,21,0.3783783783783784,0.5675675675675675
